<?xml version = '1.0' encoding = 'UTF-8'?>
<DomainFile class="oracle.dbtools.crest.model.design.DomainFileWrapper" fileName="movie_2020">
<domains>
<Domain class="oracle.dbtools.crest.model.design.Domain" name="addr_ty" id="2FBAB659-85EF-A2E5-EFE1-B2042E335EE2">
<createdBy>admin</createdBy>
<createdTime>2020-09-11 05:09:51 UTC</createdTime>
<ownerDesignName>movie_2020</ownerDesignName>
<avTSortOrder>0</avTSortOrder>
<dataTypeSize>200</dataTypeSize>
<fileName>movie_2020</fileName>
<logicalDatatype>LOGDT024</logicalDatatype>
</Domain>
<Domain class="oracle.dbtools.crest.model.design.Domain" name="gender_ty" id="403486D3-33FA-308B-5376-681D393296B8">
<createdBy>admin</createdBy>
<createdTime>2020-09-11 05:13:27 UTC</createdTime>
<ownerDesignName>movie_2020</ownerDesignName>
<avTSortOrder>0</avTSortOrder>
<dataTypeSize>6</dataTypeSize>
<fileName>movie_2020</fileName>
<logicalDatatype>LOGDT025</logicalDatatype>
<listOfValues>
<valueDef value="female" description=""/>
<valueDef value="male" description=""/>
</listOfValues>
</Domain>
<Domain class="oracle.dbtools.crest.model.design.Domain" name="no_ty" id="48FA9AF8-57B4-9C40-BF9A-AB8289B911BB">
<createdBy>admin</createdBy>
<createdTime>2020-09-11 05:16:37 UTC</createdTime>
<ownerDesignName>movie_2020</ownerDesignName>
<avTSortOrder>0</avTSortOrder>
<dataTypePrecision>8</dataTypePrecision>
<fileName>movie_2020</fileName>
<logicalDatatype>LOGDT019</logicalDatatype>
<checkConstraint>
<implementationDef dbType="Oracle Database 12cR2" definition="%COLUMN% &gt;= 0 and %COLUMN% &lt; 10000000"/>
</checkConstraint>
</Domain>
<Domain class="oracle.dbtools.crest.model.design.Domain" name="len_ty" id="813AF4A9-5D81-37C2-D331-E23C2179838C">
<createdBy>admin</createdBy>
<createdTime>2020-09-11 05:10:45 UTC</createdTime>
<ownerDesignName>movie_2020</ownerDesignName>
<avTSortOrder>0</avTSortOrder>
<dataTypePrecision>3</dataTypePrecision>
<fileName>movie_2020</fileName>
<logicalDatatype>LOGDT019</logicalDatatype>
<listOfRanges>
<rangeDef class="oracle.dbtools.crest.model.design.constraint.AVT">
<beginValue>50</beginValue>
<endValue>400</endValue>
</rangeDef>
</listOfRanges>
</Domain>
<Domain class="oracle.dbtools.crest.model.design.Domain" name="name_ty" id="E3CCABFC-18FB-781E-D6CE-3E8E279B7B04">
<createdBy>admin</createdBy>
<createdTime>2020-09-11 05:05:07 UTC</createdTime>
<ownerDesignName>movie_2020</ownerDesignName>
<avTSortOrder>0</avTSortOrder>
<dataTypeSize>50</dataTypeSize>
<fileName>movie_2020</fileName>
<logicalDatatype>LOGDT024</logicalDatatype>
</Domain>
</domains>
</DomainFile>